signal_date,ticker,confidence,direction,technical_score,positioning_score,sentiment_score,news_score,fundamental_score,technical_max,sentiment_max,news_max,regime,vix_at_signal,rsi_14,rs_zscore,mom_5d,trend_intact,entry_zone_lower,entry_zone_upper,entry_price,stop_loss,target,rr_ratio,rr_ratio_at_fill,news_article_count,dominant_news_theme,fundamental_data_quality,structure_recommended,ev_per_dollar,capital_required,structure_legs,structure_effective_days,structure_greeks_summary,greeks_filter_status,structure_max_loss,structure_max_gain,structure_strikes,structure_expiration_date,alternative_structures,risk_pct,dollar_risk,actual_dollar_risk,position_type,position_size,capital_deployed,sizing_note,event_gate_blocked,event_gate_trigger,fill_date,fill_price,mark_price,mark_date,unrealized_rr,unrealized_pnl_dollars,outcome,exit_date,exit_price,pnl_pct,achieved_rr,holding_days,pnl_dollars,hypothetical_outcome,hypothetical_exit_date,hypothetical_exit_price,hypothetical_pnl_pct,hypothetical_achieved_rr,hypothetical_holding_days,hypothetical_pnl_dollars
2026-08-07,PFE,77.8,bullish,32.1,11.3,10.1,7.7,6.7,40.0,15.0,15.0,trending_up,15.2,70.4,2.204,0.0000,True,26.07,26.33,26.20,25.04,29.69,3.00,2.00,110,,complete,long_strangle,1.09134,,,,,,,,,,,0.0050,75.00,43.40,shares,28,733.60,,False,,2026-08-10,26.59,,,,,time_stop,2026-08-28,27.84,0.0470,0.806,15,35.00,,,,,,,
2026-08-07,AMZN,70.7,bullish,31.4,11.0,4.7,8.9,4.7,40.0,15.0,15.0,trending_up,15.2,63.2,1.389,0.0000,True,284.80,289.60,287.20,265.63,351.90,3.00,,267,,complete,,,,,,,,,,,,,0.0050,75.00,43.14,shares,2,574.40,retroactively corrected 2026-08-17 after fixing a pnl_dollars bug: was booked against the $75.00 pre-cap risk budget instead of the $43.14 actually at risk in the capital-capped 2-share position; original logged pnl_dollars=-75.00,False,,,,,,,,loss,2026-08-13,265.63,-0.0751,-1.000,4,-43.14,,,,,,,
2026-08-10,PFE,71.0,bullish,29.5,13.7,10.1,1.9,5.8,40.0,15.0,15.0,trending_up,15.5,74.7,2.258,0.0000,True,26.63,26.89,26.76,25.57,30.34,3.00,2.48,107,,complete,long_strangle,0.51758,,,,,,,,,,,0.0050,75.00,72.60,options,3,72.60,"retroactively recomputed 2026-08-10 after fixing v2.2.48 rr-rounding bug that had excluded all 42 structures at signal time; original logged values: structure=(none), position_type=shares, position_size=28, capital_deployed=749.28",False,,2026-08-11,26.94,,,,,time_stop,2026-08-31,28.24,0.0481,0.945,15,68.63,,,,,,,
2026-08-10,MRK,72.1,bullish,29.7,13.2,12.5,7.8,3.9,40.0,15.0,15.0,trending_up,15.5,54.6,0.207,0.0000,True,134.22,135.88,135.05,127.60,157.41,3.00,3.50,115,,complete,,,,,,,,,,,,,0.0050,75.00,33.10,shares,5,675.25,,False,,2026-08-13,134.22,,,,,time_stop,2026-09-02,150.28,0.1197,2.426,15,80.30,,,,,,,
2026-08-12,LLY,77.8,bullish,29.5,11.0,12.5,9.5,5.3,40.0,15.0,15.0,trending_up,15.4,57.3,-0.632,0.0000,True,1227.59,1248.41,1238.00,1144.32,1519.04,3.00,3.06,191,,complete,diagonal_call,0.24170,,,,,,,,,,,0.0050,75.00,0.00,options,0,0.00,signal qualifies but sizes to 0 options at this account size (risk budget was the binding constraint) — not practically tradeable at this account size,False,,2026-08-13,1236.53,,,,,time_stop,2026-08-26,1212.16,-0.0197,-0.264,10,0.00,,,,,,,
2026-08-13,NVDA,74.4,bullish,28.4,14.3,10.7,11.0,10.0,40.0,15.0,15.0,trending_up,14.6,63.2,0.641,0.0000,True,225.42,229.04,227.23,210.96,276.03,3.00,3.12,276,,complete,long_stock,0.21607,,,,,,,,,,,0.0050,75.00,48.81,shares,3,681.69,"capital cap ($750.00, 5% of account) capped this position at 3 shares instead of the 4 the $75.00 risk budget alone would allow",False,,2026-08-14,226.77,,,,,earnings_exit,2026-08-20,216.85,-0.0437,-0.627,5,-30.63,,,,,,,
2026-08-14,AVGO,74.3,bullish,32.9,13.6,10.8,12.1,0.0,40.0,15.0,15.0,trending_up,14.6,59.1,0.874,0.0000,True,428.82,436.64,432.73,397.53,538.34,3.00,,142,,complete,long_stock,0.25928,,,,,,,,,,,0.0050,75.00,35.20,shares,1,432.73,"capital cap ($750.00, 5% of account) capped this position at 1 shares instead of the 2 the $75.00 risk budget alone would allow",False,,,,,,,,expired,2026-08-21,,,,5,,loss,2026-08-17,397.26,-0.0820,-1.008,1,-35.47
2026-08-14,MU,72.1,bullish,23.6,14.7,10.5,9.6,8.7,40.0,15.0,15.0,trending_up,14.6,54.5,-0.311,0.0000,False,992.84,1030.70,1011.77,841.40,1522.88,3.00,3.31,240,,complete,long_strangle,19.35737,,,,,,,,,,,0.0050,75.00,0.00,options,0,0.00,signal qualifies but sizes to 0 options at this account size (risk budget was the binding constraint) — not practically tradeable at this account size,False,,2026-08-17,999.55,,,,,time_stop,2026-08-28,939.95,-0.0596,-0.377,10,0.00,,,,,,,
2026-08-14,ABBV,73.2,bullish,24.8,14.4,14.1,10.2,4.7,40.0,15.0,15.0,trending_up,14.6,53.4,-1.849,0.0000,True,265.87,269.07,267.47,253.07,310.67,3.00,3.50,59,,complete,long_stock,0.18520,,,,,,,,,,,0.0050,75.00,25.60,shares,2,534.94,"capital cap ($750.00, 5% of account) capped this position at 2 shares instead of the 5 the $75.00 risk budget alone would allow",False,,2026-08-19,265.87,,,,,loss,2026-08-31,253.07,-0.0481,-1.000,9,-25.60,,,,,,,
2026-08-17,HBAN,71.8,bullish,34.2,14.0,12.3,1.1,5.3,40.0,15.0,15.0,trending_up,15.1,58.1,-0.741,0.0000,True,18.30,18.46,18.38,17.94,19.70,3.00,,22,none,partial,long_butterfly_call,0.04882,,,,,,,,,,,0.0050,75.00,74.13,options,3,74.13,,False,,,,,,,,expired,2026-08-24,,,,5,,loss,2026-08-18,17.94,-0.0239,-1.000,1,-74.13
2026-08-19,JNJ,71.0,bullish,31.7,10.1,9.0,9.0,6.1,40.0,15.0,15.0,trending_up,15.7,66.7,0.646,0.0000,True,273.43,276.37,274.90,261.71,314.47,3.00,3.50,52,ai_demand,complete,long_stock,0.14404,13.19,1,9,,,,,,2026-08-28,"long_strangle ($0.61175/day, $211.46) | long_call ($0.31364/day, $616.01)",0.0050,75.00,23.44,shares,2,549.80,"capital cap ($750.00, 5% of account) capped this position at 2 shares instead of the 5 the $75.00 risk budget alone would allow",False,,2026-08-24,273.43,,,,,time_stop,2026-09-08,268.68,-0.0174,-0.405,10,-9.50,,,,,,,
2026-08-19,AMZN,77.1,bullish,18.8,12.6,26.1,10.3,4.3,28.0,28.0,14.0,trending_up,15.2,54.7,0.671,0.0000,True,285.26,289.14,287.20,269.76,339.53,3.00,,221,ai_demand,complete,long_stock,0.25928,17.44,1,5,,,,,,2026-08-24,"long_strangle ($5.19003/day, $75.16) | long_call ($1.06897/day, $477.10)",0.0050,75.00,34.88,shares,2,574.40,"capital cap ($750.00, 5% of account) capped this position at 2 shares instead of the 4 the $75.00 risk budget alone would allow",True,labor strike,,,,,,,expired,2026-08-26,,,,5,,loss,2026-08-20,263.16,-0.0837,-1.378,1,-48.08
2026-08-19,HD,72.9,bullish,18.4,14.1,20.6,10.2,4.7,28.0,28.0,14.0,trending_up,15.2,51.7,-0.636,0.0000,True,356.10,360.62,358.36,338.85,416.90,3.00,,125,earnings_expectations,complete,long_stock,0.14404,19.51,1,9,,,,,,2026-08-28,"long_strangle ($0.76362/day, $275.65) | diagonal_call ($0.16673/day, $179.18)",0.0050,75.00,39.02,shares,2,716.72,"capital cap ($750.00, 5% of account) capped this position at 2 shares instead of the 3 the $75.00 risk budget alone would allow",True,labor strike,,,,,,,expired,2026-08-26,,,,5,,loss,2026-08-20,336.00,-0.0624,-1.146,1,-44.72
2026-08-20,TGT,71.8,bullish,20.6,12.1,21.1,8.4,4.7,28.0,28.0,14.0,trending_up,16.0,72.3,1.002,0.0000,True,157.84,160.16,159.00,148.57,190.28,3.00,2.34,88,earnings_expectations,complete,long_stock,0.16205,10.43,1,8,,,,,,2026-08-28,"long_strangle ($1.43133/day, $101.08) | long_call ($0.55297/day, $335.51)",0.0050,75.00,49.96,shares,4,636.00,"capital cap ($750.00, 5% of account) capped this position at 4 shares instead of the 7 the $75.00 risk budget alone would allow",False,,2026-08-21,161.06,,,,,time_stop,2026-09-03,164.58,0.0219,0.282,10,14.08,,,,,,,
2026-08-25,AMGN,75.0,bullish,27.6,12.4,15.0,9.0,6.0,40.0,15.0,15.0,trending_up,15.8,75.6,2.029,0.0000,True,441.12,446.56,443.84,419.35,517.32,3.00,3.32,49,earnings_expectations,complete,long_strangle,0.58583,401.31,2,10,,not_implemented_no_options_chain_data,401.31,,"call_k=470.47, put_k=417.21",2026-09-04,"diagonal_call ($0.16508/day, $221.92) | long_stock ($0.12964/day, $24.49)",0.0333,499.50,401.31,options,1,401.31,,False,,2026-08-26,442.04,,,,,loss,2026-09-08,408.90,-0.0730,-1.480,9,-593.95,,,,,,,
2026-08-27,NVDA,74.5,bullish,28.1,14.4,13.7,11.6,8.7,40.0,15.0,15.0,choppy,14.9,46.3,0.051,-0.0363,True,226.36,229.48,227.92,213.85,270.14,3.00,,324,ai_demand,complete,long_strangle,3.01290,86.45,2,6,,not_implemented_no_options_chain_data,86.45,,"call_k=241.60, put_k=214.24",2026-09-02,"long_call ($0.81546/day, $415.39) | bull_call_spread ($0.46653/day, $413.30)",0.0333,499.50,432.25,options,5,432.25,"cross-sector concentration — logging this brings net directional exposure to +10.16% of account risk budget across all open sectors, beyond the 10.0% advisory threshold (informational only, paper trading logs every qualifying signal regardless) | superseded 2026-08-28 — a newer qualifying signal (confidence 81.9) replaced this still-unfilled entry order",True,tariff,,,,,,,superseded,2026-08-28,,,,,,time_stop,2026-09-11,218.29,-0.0423,-0.684,10,-295.85
2026-08-27,QCOM,71.1,bullish,24.1,14.3,14.6,9.1,4.0,40.0,15.0,15.0,trending_up,14.6,48.8,1.282,0.0229,False,167.30,170.44,168.87,161.01,192.46,3.00,,52,competitive_dynamics,complete,long_strangle,0.80788,107.35,2,8,,not_implemented_no_options_chain_data,107.35,,"call_k=179.00, put_k=158.74",2026-09-04,"long_call ($0.36612/day, $356.34) | bull_call_spread ($0.28881/day, $351.42)",0.0333,499.50,429.40,options,4,429.40,"cross-sector concentration — logging this brings net directional exposure to +10.16% of account risk budget across all open sectors, beyond the 10.0% advisory threshold (informational only, paper trading logs every qualifying signal regardless) | superseded 2026-08-28 — a newer qualifying signal (confidence 75.4) replaced this still-unfilled entry order",True,tariff,,,,,,,superseded,2026-08-28,,,,,,time_stop,2026-09-18,177.72,0.0524,1.126,15,483.48
2026-08-27,ABT,70.9,bullish,24.6,16.0,10.8,9.2,5.3,40.0,15.0,15.0,trending_up,14.5,57.7,-0.569,-0.0223,True,116.71,117.97,117.34,111.64,134.44,3.00,,43,ai_demand,complete,long_strangle,0.87132,74.59,2,8,,applied,74.59,,"call_k=124.38, put_k=110.30",2026-09-04,"long_call ($0.38560/day, $247.60) | bull_call_spread ($0.28881/day, $244.19)",0.0333,499.50,447.54,options,6,447.54,"cross-sector concentration — logging this brings net directional exposure to +10.16% of account risk budget across all open sectors, beyond the 10.0% advisory threshold (informational only, paper trading logs every qualifying signal regardless) | superseded 2026-08-28 — a newer qualifying signal (confidence 71.1) replaced this still-unfilled entry order",True,clinical hold,,,,,,,superseded,2026-08-28,,,,,,loss,2026-08-28,111.60,-0.0489,-1.007,1,-450.68
2026-08-28,NVDA,81.9,bullish,33.1,14.2,10.2,10.8,8.7,40.0,15.0,15.0,trending_up,14.4,61.3,0.910,0.0513,True,226.16,229.80,227.98,211.57,277.22,3.00,,274,ai_demand,complete,long_strangle,6.66964,59.66,2,5,,not_implemented_no_options_chain_data,59.66,,"call_k=241.66, put_k=214.30",2026-09-02,"long_call ($1.29945/day, $378.72) | bull_call_spread ($0.63135/day, $377.85)",0.0333,499.50,477.28,options,8,477.28,"cross-sector concentration — logging this brings net directional exposure to +10.16% of account risk budget across all open sectors, beyond the 10.0% advisory threshold (informational only, paper trading logs every qualifying signal regardless) | superseded 2026-08-29 — a newer qualifying signal (confidence 76.8) replaced this still-unfilled entry order",True,tariff,,,,,,,superseded,2026-08-29,,,,,,loss,2026-09-14,211.24,-0.0734,-1.020,10,-486.88
2026-08-28,TSM,71.4,bullish,26.6,14.4,10.2,11.5,8.7,40.0,15.0,15.0,trending_up,14.4,55.2,-0.234,0.0272,False,432.84,439.24,436.04,420.03,484.08,3.00,,48,ai_demand,complete,long_strangle,0.76026,220.21,2,7,,applied,220.21,,"call_k=462.20, put_k=409.88",2026-09-04,"long_stock ($0.18520/day, $16.01) | long_stock_trailing_stop ($0.18520/day, $16.01)",0.0333,499.50,440.42,options,2,440.42,"cross-sector concentration — logging this brings net directional exposure to +10.16% of account risk budget across all open sectors, beyond the 10.0% advisory threshold (informational only, paper trading logs every qualifying signal regardless)",True,tariff,,,,,,,expired,2026-09-04,,,,5,,loss,2026-08-31,417.23,-0.0431,-1.175,1,-517.45
2026-08-28,QCOM,75.4,bullish,26.5,13.7,15.0,11.2,4.0,40.0,15.0,15.0,trending_up,14.4,49.2,1.228,0.0251,False,167.30,170.44,168.87,161.01,192.46,3.00,,41,competitive_dynamics,complete,long_strangle,1.18938,85.28,2,7,,not_implemented_no_options_chain_data,85.28,,"call_k=179.00, put_k=158.74",2026-09-04,"long_call ($0.45470/day, $332.90) | bull_call_spread ($0.36088/day, $329.93)",0.0333,499.50,426.40,options,5,426.40,"cross-sector concentration — logging this brings net directional exposure to +10.16% of account risk budget across all open sectors, beyond the 10.0% advisory threshold (informational only, paper trading logs every qualifying signal regardless) | superseded 2026-08-29 — a newer qualifying signal (confidence 76.2) replaced this still-unfilled entry order",True,tariff,,,,,,,superseded,2026-08-29,,,,,,win,2026-09-21,192.46,0.1397,3.001,15,1279.74
2026-08-28,GILD,70.4,bullish,31.6,10.6,12.0,9.2,2.0,40.0,15.0,15.0,trending_up,14.4,69.2,2.095,0.0378,True,148.68,150.56,149.62,141.19,174.90,3.00,,26,ai_demand,partial,long_strangle,1.64701,75.56,2,7,,not_implemented_no_options_chain_data,75.56,,"call_k=158.60, put_k=140.64",2026-09-04,"long_call ($0.57191/day, $294.95) | bull_call_spread ($0.36088/day, $292.32)",0.0333,499.50,453.36,options,6,453.36,"cross-sector concentration — logging this brings net directional exposure to +10.16% of account risk budget across all open sectors, beyond the 10.0% advisory threshold (informational only, paper trading logs every qualifying signal regardless) | superseded 2026-08-31 — a newer qualifying signal (confidence 71.1) replaced this still-unfilled entry order",False,,,,,,,,superseded,2026-08-31,,,,,,time_stop,2026-09-14,145.59,-0.0269,-0.478,10,-216.73
2026-08-28,BMY,76.2,bullish,27.8,11.3,13.8,11.7,6.7,40.0,15.0,15.0,trending_up,14.4,60.3,-0.300,0.0226,True,68.23,69.05,68.64,65.14,79.13,3.00,,32,ai_demand,complete,long_strangle,1.39168,34.67,2,7,,not_implemented_no_options_chain_data,34.67,,"call_k=72.76, put_k=64.52",2026-09-04,"long_call ($0.50693/day, $135.31) | bull_call_spread ($0.36088/day, $134.10)",0.0333,499.50,485.38,options,14,485.38,"cross-sector concentration — logging this brings net directional exposure to +10.16% of account risk budget across all open sectors, beyond the 10.0% advisory threshold (informational only, paper trading logs every qualifying signal regardless) | superseded 2026-08-31 — a newer qualifying signal (confidence 71.3) replaced this still-unfilled entry order",False,,,,,,,,superseded,2026-08-31,,,,,,loss,2026-09-08,65.14,-0.0510,-1.000,6,-485.38
2026-08-28,ABT,71.1,bullish,25.1,15.8,10.8,9.0,5.3,40.0,15.0,15.0,trending_up,14.4,57.7,-0.569,-0.0223,True,116.71,117.97,117.34,111.64,134.44,3.00,,34,ai_demand,complete,long_butterfly_call,0.62634,75.07,3,7,,applied,75.07,628.97,"k_low=110.30, k_mid=117.34, k_high=124.38",2026-09-04,"iron_butterfly ($0.24613/day, $296.88) | short_butterfly ($0.24613/day, $296.88)",0.0333,499.50,450.42,options,6,450.42,"cross-sector concentration — logging this brings net directional exposure to +10.16% of account risk budget across all open sectors, beyond the 10.0% advisory threshold (informational only, paper trading logs every qualifying signal regardless)",False,,,,,,,,expired,2026-09-04,,,,5,,loss,2026-08-31,111.54,-0.0494,-1.018,1,-458.32
2026-08-29,NVDA,76.8,bullish,33.1,9.3,8.1,12.7,8.7,40.0,15.0,15.0,trending_up,14.5,61.3,0.910,0.0513,True,226.16,229.80,227.98,211.57,277.22,3.00,,324,ai_demand,complete,bull_call_spread,0.38571,473.14,2,6,Δ+0.49 Γ+0.033 Θ-0.234 V+0.089,applied,473.14,2262.62,"call_long=227.50, call_short=255.00",2026-09-04,"long_stock ($0.21607/day, $16.41) | long_stock_trailing_stop ($0.21607/day, $16.41)",0.0333,499.50,473.14,options,1,473.14,superseded 2026-09-01 — a newer qualifying signal (confidence 70.2) replaced this still-unfilled entry order,True,tariff,,,,,,,superseded,2026-09-01,,,,,,loss,2026-09-14,211.24,-0.0734,-1.020,10,-482.65
2026-08-29,MU,70.5,bullish,23.4,10.5,12.9,10.4,8.3,40.0,15.0,15.0,trending_up,14.5,51.0,-0.455,-0.0400,False,1020.58,1051.68,1036.13,934.66,1340.55,3.00,,159,memory_cycle,complete,long_stock,0.21607,101.47,1,6,,applied,,,,2026-09-04,"long_stock_trailing_stop ($0.21607/day, $101.47)",0.0333,499.50,405.88,shares,4,4144.52,,True,tariff,,,,,,,expired,2026-09-04,,,,5,,loss,2026-08-31,931.39,-0.1011,-1.032,1,-418.96
2026-08-29,QCOM,76.2,bullish,26.5,13.8,15.0,12.2,3.8,40.0,15.0,15.0,trending_up,14.5,49.2,1.228,0.0251,False,167.30,170.44,168.87,161.01,192.46,3.00,4.00,88,competitive_dynamics,complete,bull_call_spread,0.31573,398.83,2,6,Δ+0.42 Γ+0.043 Θ-0.189 V+0.067,applied,398.83,1627.61,"call_long=170.00, call_short=190.00",2026-09-04,"long_stock ($0.21607/day, $7.86) | long_stock_trailing_stop ($0.21607/day, $7.86)",0.0333,499.50,398.83,options,1,398.83,,True,tariff,2026-08-31,167.30,,,,,time_stop,2026-09-21,188.59,0.1272,3.384,15,1349.81,,,,,,,
2026-08-31,GILD,71.1,bullish,31.0,14.1,11.2,7.9,1.8,40.0,15.0,15.0,trending_up,15.2,61.3,1.658,-0.0030,True,148.67,150.57,149.62,141.06,175.31,3.00,,29,ai_demand,partial,long_strangle,0.48299,155.55,2,11,,not_implemented_no_options_chain_data,155.55,,"call_k=158.60, put_k=140.64",2026-09-11,"long_call ($0.28116/day, $371.48) | bull_call_spread ($0.16993/day, $359.25)",0.0333,499.50,466.65,options,3,466.65,superseded 2026-09-01 — a newer qualifying signal (confidence 73.4) replaced this still-unfilled entry order,False,,,,,,,,superseded,2026-09-01,,,,,,time_stop,2026-09-15,146.30,-0.0222,-0.388,10,-180.99
2026-08-31,BMY,71.3,bullish,25.4,13.0,13.8,8.3,5.8,40.0,15.0,15.0,trending_up,15.2,58.5,-0.562,-0.0064,True,68.25,69.03,68.64,65.14,79.13,3.00,,26,ai_demand,complete,long_strangle,0.39374,71.36,2,11,,not_implemented_no_options_chain_data,71.36,,"call_k=72.76, put_k=64.52",2026-09-11,"long_call ($0.24357/day, $170.42) | bull_call_spread ($0.16993/day, $164.81)",0.0333,499.50,428.16,options,6,428.16,superseded 2026-09-01 — a newer qualifying signal (confidence 70.0) replaced this still-unfilled entry order,False,,,,,,,,superseded,2026-09-01,,,,,,loss,2026-09-08,65.14,-0.0510,-1.000,5,-428.16
2026-08-31,PFE,72.5,bullish,30.9,12.5,11.3,9.7,3.1,40.0,15.0,15.0,trending_up,14.9,68.4,1.359,0.0175,True,28.43,28.73,28.58,27.26,32.55,3.00,,33,ai_demand,complete,long_strangle,0.32973,29.71,2,11,,not_implemented_no_options_chain_data,29.71,,"call_k=30.29, put_k=26.87",2026-09-11,"long_call ($0.21600/day, $70.96) | bull_call_spread ($0.16993/day, $68.62)",0.0333,499.50,475.36,options,16,475.36,"cross-sector concentration — logging this brings net directional exposure to +11.49% of account risk budget across all open sectors, beyond the 10.0% advisory threshold (informational only, paper trading logs every qualifying signal regardless) | superseded 2026-09-01 — a newer qualifying signal (confidence 73.5) replaced this still-unfilled entry order",False,,,,,,,,superseded,2026-09-01,,,,,,loss,2026-09-15,27.26,-0.0462,-1.000,10,-475.36
2026-09-01,NVDA,70.2,bullish,28.9,14.5,6.4,12.8,7.6,40.0,15.0,15.0,choppy,15.8,54.6,0.377,0.0590,True,228.60,232.34,230.47,213.64,280.96,3.00,3.50,321,ai_demand,complete,long_strangle,1.68169,146.51,2,8,,not_implemented_no_options_chain_data,146.51,,"call_k=244.30, put_k=216.64",2026-09-09,"long_call ($0.62711/day, $486.33) | bull_call_spread ($0.28881/day, $479.61)",0.0333,499.50,439.53,options,3,439.53,"cross-sector concentration — logging this brings net directional exposure to +11.49% of account risk budget across all open sectors, beyond the 10.0% advisory threshold (informational only, paper trading logs every qualifying signal regardless)",False,,2026-09-03,228.60,,,,,loss,2026-09-14,211.08,-0.0766,-1.171,7,-514.74,,,,,,,
2026-09-01,PFE,73.5,bullish,30.9,13.2,12.0,9.5,2.9,40.0,15.0,15.0,trending_up,15.8,68.4,1.359,0.0175,True,28.43,28.73,28.58,27.26,32.55,3.00,2.46,32,ai_demand,complete,long_strangle,0.42767,25.84,2,10,,not_implemented_no_options_chain_data,25.84,,"call_k=30.29, put_k=26.87",2026-09-11,"long_call ($0.25243/day, $67.58) | bull_call_spread ($0.19910/day, $65.83)",0.0333,499.50,490.96,options,19,490.96,"cross-sector concentration — logging this brings net directional exposure to +11.49% of account risk budget across all open sectors, beyond the 10.0% advisory threshold (informational only, paper trading logs every qualifying signal regardless)",False,,2026-09-02,28.79,,,,,loss,2026-09-15,27.26,-0.0531,-1.000,9,-490.96,,,,,,,
2026-09-01,BMY,70.0,bullish,26.6,12.7,12.0,8.1,5.6,40.0,15.0,15.0,trending_up,15.8,59.3,-0.527,-0.0070,True,68.25,69.03,68.64,65.14,79.13,3.00,,20,ai_demand,complete,long_strangle,0.50955,62.06,2,10,,not_implemented_no_options_chain_data,62.06,,"call_k=72.76, put_k=64.52",2026-09-11,"long_call ($0.28451/day, $162.32) | bull_call_spread ($0.19910/day, $158.10)",0.0333,499.50,496.48,options,8,496.48,"cross-sector concentration — logging this brings net directional exposure to +11.49% of account risk budget across all open sectors, beyond the 10.0% advisory threshold (informational only, paper trading logs every qualifying signal regardless) | superseded 2026-09-04 — a newer qualifying signal (confidence 70.2) replaced this still-unfilled entry order",False,,,,,,,,superseded,2026-09-04,,,,,,loss,2026-09-08,65.14,-0.0510,-1.000,4,-496.48
2026-09-01,VRTX,70.1,bullish,32.7,9.0,13.8,5.0,4.7,40.0,15.0,15.0,trending_up,15.8,62.5,1.606,-0.0056,True,552.18,559.20,555.69,524.06,650.57,3.00,,20,none,complete,diagonal_call,0.17105,277.85,2,40,,not_implemented_no_options_chain_data,277.85,,"near_k=555.69, far_k=589.03",2026-10-11,"long_strangle ($0.61745/day, $502.44) | long_stock ($0.12964/day, $31.63)",0.0333,499.50,277.85,options,1,277.85,"cross-sector concentration — logging this brings net directional exposure to +11.49% of account risk budget across all open sectors, beyond the 10.0% advisory threshold (informational only, paper trading logs every qualifying signal regardless) | superseded 2026-09-02 — a newer qualifying signal (confidence 71.5) replaced this still-unfilled entry order",False,,,,,,,,superseded,2026-09-02,,,,,,loss,2026-09-08,524.06,-0.0569,-1.000,4,-277.85
2026-09-01,GILD,73.4,bullish,29.7,14.0,11.2,11.7,1.7,40.0,15.0,15.0,trending_up,16.4,67.0,1.254,0.0077,True,148.97,150.87,149.92,141.35,175.63,3.00,,47,ai_demand,partial,long_strangle,0.62183,135.55,2,10,,not_implemented_no_options_chain_data,135.55,,"call_k=158.92, put_k=140.92",2026-09-11,"long_call ($0.32755/day, $354.52) | bull_call_spread ($0.19910/day, $345.32)",0.0333,499.50,406.65,options,3,406.65,"cross-sector concentration — logging this brings net directional exposure to +11.49% of account risk budget across all open sectors, beyond the 10.0% advisory threshold (informational only, paper trading logs every qualifying signal regardless) | superseded 2026-09-02 — a newer qualifying signal (confidence 70.6) replaced this still-unfilled entry order",True,patient death,,,,,,,superseded,2026-09-02,,,,,,time_stop,2026-09-16,147.68,-0.0149,-0.261,10,-106.29
2026-09-02,GILD,70.6,bullish,29.5,13.7,13.8,6.7,2.0,40.0,15.0,15.0,trending_up,15.4,65.5,1.720,0.0082,True,149.02,150.90,149.96,141.48,175.39,3.00,,44,none,partial,long_strangle,0.81359,115.35,2,9,,not_implemented_no_options_chain_data,115.35,,"call_k=158.96, put_k=140.96",2026-09-11,"long_call ($0.38328/day, $336.04) | bull_call_spread ($0.23730/day, $329.47)",0.0333,499.50,461.40,options,4,461.40,"cross-sector concentration — logging this brings net directional exposure to +10.99% of account risk budget across all open sectors, beyond the 10.0% advisory threshold (informational only, paper trading logs every qualifying signal regardless) | superseded 2026-09-03 — a newer qualifying signal (confidence 72.5) replaced this still-unfilled entry order",True,patient death,,,,,,,superseded,2026-09-03,,,,,,time_stop,2026-09-17,150.89,0.0062,0.110,10,50.60
2026-09-02,MRK,72.2,bullish,35.1,10.3,9.9,9.8,2.0,40.0,15.0,15.0,trending_up,15.2,65.7,2.613,-0.0095,True,155.89,157.95,156.92,151.51,173.16,3.00,,78,earnings_expectations,complete,long_strangle,0.32273,120.70,2,9,,not_implemented_no_options_chain_data,120.70,,"call_k=166.34, put_k=147.50",2026-09-11,"long_call ($0.20711/day, $351.63) | bull_call_spread ($0.18930/day, $344.76)",0.0333,499.50,482.80,options,4,482.80,"cross-sector concentration — logging this brings net directional exposure to +10.99% of account risk budget across all open sectors, beyond the 10.0% advisory threshold (informational only, paper trading logs every qualifying signal regardless) | superseded 2026-09-03 — a newer qualifying signal (confidence 73.6) replaced this still-unfilled entry order",True,patient death,,,,,,,superseded,2026-09-03,,,,,,loss,2026-09-03,151.51,-0.0345,-1.000,1,-482.80
2026-09-02,VRTX,71.5,bullish,32.7,9.0,13.8,6.3,4.7,40.0,15.0,15.0,trending_up,15.2,67.1,1.318,0.0173,True,553.42,560.08,556.75,526.74,646.79,3.00,2.72,34,none,complete,long_strangle,0.75073,428.26,2,9,,not_implemented_no_options_chain_data,428.26,,"call_k=590.16, put_k=523.34",2026-09-11,"diagonal_call ($0.16482/day, $278.38) | long_stock ($0.14404/day, $30.01)",0.0333,499.50,428.26,options,1,428.26,"cross-sector concentration — logging this brings net directional exposure to +10.99% of account risk budget across all open sectors, beyond the 10.0% advisory threshold (informational only, paper trading logs every qualifying signal regardless)",True,patient death,2026-09-03,559.00,,,,,loss,2026-09-08,526.74,-0.0577,-1.000,3,-428.26,,,,,,,
2026-09-03,MRK,73.6,bullish,35.5,9.7,12.4,8.9,2.0,40.0,15.0,15.0,trending_up,15.4,65.7,2.613,-0.0095,True,155.89,157.95,156.92,151.51,173.16,3.00,,75,earnings_expectations,complete,long_strangle,0.45320,99.75,2,8,,not_implemented_no_options_chain_data,99.75,,"call_k=166.34, put_k=147.50",2026-09-11,"long_call ($0.25142/day, $331.12) | bull_call_spread ($0.23181/day, $326.55)",0.0333,499.50,498.75,options,5,498.75,"cross-sector concentration — logging this brings net directional exposure to +10.99% of account risk budget across all open sectors, beyond the 10.0% advisory threshold (informational only, paper trading logs every qualifying signal regardless)",False,,,,,,,,expired,2026-09-11,,,,5,,loss,2026-09-04,150.83,-0.0388,-1.126,1,-561.44
2026-09-03,GILD,72.5,bullish,30.6,15.0,13.8,6.3,2.0,40.0,15.0,15.0,trending_up,15.4,66.3,1.764,0.0103,True,149.01,150.91,149.96,141.41,175.62,3.00,3.37,42,none,partial,long_strangle,1.14654,95.33,2,8,,not_implemented_no_options_chain_data,95.33,,"call_k=158.96, put_k=140.96",2026-09-11,"long_call ($0.46846/day, $316.44) | bull_call_spread ($0.28881/day, $312.07)",0.0333,499.50,476.65,options,5,476.65,"cross-sector concentration — logging this brings net directional exposure to +10.99% of account risk budget across all open sectors, beyond the 10.0% advisory threshold (informational only, paper trading logs every qualifying signal regardless)",False,,2026-09-04,149.23,,,,,time_stop,2026-09-18,150.36,0.0091,0.178,10,84.67,,,,,,,
2026-09-04,BMY,70.2,bullish,25.4,13.0,8.4,11.6,6.7,40.0,15.0,15.0,trending_up,14.2,64.1,0.034,0.0170,True,68.26,69.02,68.64,65.24,78.84,3.00,,62,ai_demand,complete,long_strangle,1.32535,34.67,2,7,,not_implemented_no_options_chain_data,34.67,,"call_k=72.76, put_k=64.52",2026-09-11,"long_call ($0.48991/day, $135.31) | bull_call_spread ($0.36088/day, $134.10)",0.0333,499.50,485.38,options,14,485.38,"cross-sector concentration — logging this brings net directional exposure to +17.15% of account risk budget across all open sectors, beyond the 10.0% advisory threshold (informational only, paper trading logs every qualifying signal regardless)",False,,,,,,,,expired,2026-09-14,,,,5,,loss,2026-09-08,65.24,-0.0495,-1.000,1,-485.38
2026-09-08,AMD,72.3,bullish,27.9,11.5,13.8,9.2,2.9,40.0,15.0,15.0,trending_up,15.3,57.8,0.780,0.0822,False,511.54,523.16,517.35,488.28,604.55,3.00,4.00,163,ai_demand,complete,long_stock,0.21607,29.07,1,6,,applied,,,,2026-09-14,"long_stock_trailing_stop ($0.21607/day, $29.07)",0.0333,499.50,209.34,shares,9,4656.15,"capital cap ($4999.95, 33% of account) capped this position at 9 shares instead of the 17 the $499.50 risk budget alone would allow | cross-sector concentration — logging this brings net directional exposure to +16.65% of account risk budget across all open sectors, beyond the 10.0% advisory threshold (informational only, paper trading logs every qualifying signal regardless)",True,tariff,2026-09-09,511.54,,,,,loss,2026-09-14,486.13,-0.0497,-1.092,4,-228.69,,,,,,,
2026-09-08,TSM,82.0,bullish,33.0,12.4,15.0,11.7,7.9,40.0,15.0,15.0,trending_up,15.3,62.9,0.950,0.0634,True,438.72,444.62,441.67,415.12,521.31,3.00,,84,ai_demand,complete,long_strangle,0.67617,399.35,2,10,,applied,399.35,,"call_k=468.17, put_k=415.17",2026-09-18,"diagonal_call ($0.18204/day, $220.84) | long_stock ($0.12964/day, $26.55)",0.0333,499.50,399.35,options,1,399.35,"cross-sector concentration — logging this brings net directional exposure to +16.65% of account risk budget across all open sectors, beyond the 10.0% advisory threshold (informational only, paper trading logs every qualifying signal regardless) | superseded 2026-09-09 — a newer qualifying signal (confidence 85.2) replaced this still-unfilled entry order",True,tariff,,,,,,,superseded,2026-09-09,,,,,,loss,2026-09-14,414.90,-0.0606,-1.008,4,-402.70
2026-09-08,MU,73.2,bullish,29.4,9.7,9.5,9.0,8.7,40.0,15.0,15.0,trending_up,15.3,60.9,0.861,0.0677,True,1022.83,1049.43,1036.13,969.63,1235.64,3.00,,240,memory_cycle,complete,long_stock,0.21607,66.50,1,6,,applied,,,,2026-09-14,"long_stock_trailing_stop ($0.21607/day, $66.50)",0.0333,499.50,266.00,shares,4,4144.52,"capital cap ($4999.95, 33% of account) capped this position at 4 shares instead of the 7 the $499.50 risk budget alone would allow | cross-sector concentration — logging this brings net directional exposure to +16.65% of account risk budget across all open sectors, beyond the 10.0% advisory threshold (informational only, paper trading logs every qualifying signal regardless) | superseded 2026-09-09 — a newer qualifying signal (confidence 76.6) replaced this still-unfilled entry order",True,tariff,,,,,,,superseded,2026-09-09,,,,,,loss,2026-09-11,969.63,-0.0642,-1.000,3,-266.00
2026-09-09,TSM,85.2,bullish,36.9,14.9,11.9,11.9,7.6,40.0,15.0,15.0,trending_up,16.5,61.7,0.971,0.0570,True,436.05,441.95,439.00,412.45,518.64,3.00,,106,ai_demand,complete,long_strangle,0.91071,337.68,2,9,,applied,337.68,,"call_k=465.34, put_k=412.66",2026-09-18,"diagonal_call ($0.18839/day, $219.50) | long_stock ($0.14451/day, $26.55)",0.0333,499.50,337.68,options,1,337.68,"cross-sector concentration — logging this brings net directional exposure to +16.65% of account risk budget across all open sectors, beyond the 10.0% advisory threshold (informational only, paper trading logs every qualifying signal regardless) | superseded 2026-09-10 — a newer qualifying signal (confidence 78.9) replaced this still-unfilled entry order",True,tariff,,,,,,,superseded,2026-09-10,,,,,,loss,2026-09-15,412.45,-0.0605,-1.000,4,-337.68
2026-09-09,MU,76.6,bullish,33.6,7.8,9.4,10.1,8.7,40.0,15.0,15.0,trending_up,16.5,57.7,0.712,0.0433,True,1022.62,1049.64,1036.13,968.60,1238.73,3.00,,240,memory_cycle,complete,long_strangle,5.77309,271.15,2,5,,not_implemented_no_options_chain_data,271.15,,"call_k=1098.30, put_k=973.96",2026-09-14,"long_stock ($0.25928/day, $67.53) | long_stock_trailing_stop ($0.25928/day, $67.53)",0.0333,499.50,271.15,options,1,271.15,"cross-sector concentration — logging this brings net directional exposure to +16.65% of account risk budget across all open sectors, beyond the 10.0% advisory threshold (informational only, paper trading logs every qualifying signal regardless)",True,tariff,,,,,,,expired,2026-09-16,,,,5,,loss,2026-09-11,968.60,-0.0652,-1.000,2,-271.15
2026-09-10,TSM,78.9,bullish,32.3,11.4,12.0,12.5,8.7,40.0,15.0,15.0,trending_up,17.0,59.1,0.501,0.0516,True,441.42,447.16,444.29,429.92,487.39,3.00,,124,ai_demand,complete,long_strangle,0.39652,282.43,2,8,,applied,282.43,,"call_k=470.95, put_k=417.63",2026-09-18,"long_stock ($0.16205/day, $14.37) | long_stock_trailing_stop ($0.16205/day, $14.37)",0.0333,499.50,282.43,options,1,282.43,"cross-sector concentration — logging this brings net directional exposure to +16.65% of account risk budget across all open sectors, beyond the 10.0% advisory threshold (informational only, paper trading logs every qualifying signal regardless) | superseded 2026-09-11 — a newer qualifying signal (confidence 70.5) replaced this still-unfilled entry order",True,tariff,,,,,,,superseded,2026-09-11,,,,,,loss,2026-09-11,429.92,-0.0323,-1.000,1,-282.43
2026-09-11,TSM,70.5,bullish,34.5,10.8,9.6,11.9,8.7,40.0,15.0,15.0,choppy,15.9,56.9,0.949,0.0389,True,441.49,447.09,444.29,430.31,486.23,3.00,,139,ai_demand,complete,long_strangle,0.55531,224.38,2,7,,applied,224.38,,"call_k=470.95, put_k=417.63",2026-09-18,"long_stock ($0.18520/day, $13.98) | long_stock_trailing_stop ($0.18520/day, $13.98)",0.0333,499.50,448.76,options,2,448.76,"cross-sector concentration — logging this brings net directional exposure to +19.98% of account risk budget across all open sectors, beyond the 10.0% advisory threshold (informational only, paper trading logs every qualifying signal regardless) | superseded 2026-09-17 — a newer qualifying signal (confidence 73.5) replaced this still-unfilled entry order",True,tariff,,,,,,,superseded,2026-09-17,,,,,,loss,2026-09-14,414.90,-0.0662,-2.103,1,-943.52
2026-09-17,TSM,73.5,bullish,36.8,13.9,10.8,8.4,8.7,42.0,17.5,10.5,choppy,15.4,55.3,1.125,0.0079,True,440.29,445.91,443.10,429.04,485.27,3.00,,189,ai_demand,complete,diagonal_call,0.08871,221.55,2,38,,applied,221.55,,"near_k=443.10, far_k=469.69",2026-10-25,"long_stock ($0.16205/day, $14.06) | long_stock_trailing_stop ($0.16205/day, $14.06)",0.0333,499.50,443.10,options,2,443.10,superseded 2026-09-18 — a newer qualifying signal (confidence 73.3) replaced this still-unfilled entry order,False,,,,,,,,superseded,2026-09-18,,,,,,loss,2026-09-18,429.04,-0.0317,-1.000,1,-443.10
2026-09-18,TSM,73.3,bullish,36.8,14.5,11.1,7.3,8.7,42.0,17.5,10.5,choppy,15.5,55.3,1.125,0.0079,True,440.29,445.91,443.10,429.04,485.27,3.00,,176,ai_demand,complete,long_strangle,0.56480,223.78,2,7,,not_implemented_no_options_chain_data,223.78,,"call_k=469.69, put_k=416.52",2026-09-25,"long_stock ($0.18520/day, $14.06) | long_stock_trailing_stop ($0.18520/day, $14.06)",0.0333,499.50,447.56,options,2,447.56,superseded 2026-09-21 — a newer qualifying signal (confidence 71.3) replaced this still-unfilled entry order,False,,,,,,,,superseded,2026-09-21,,,,,,pending,,,,,,
2026-09-18,NVDA,74.1,bullish,30.2,9.9,11.7,7.2,8.0,42.0,17.5,10.5,trending_up,14.8,54.3,-0.459,0.0182,True,232.90,236.10,234.50,220.86,275.40,3.00,,280,ai_demand,complete,diagonal_call,0.20030,117.25,2,35,,applied,117.25,,"near_k=234.50, far_k=248.57",2026-10-23,"long_stock ($0.25928/day, $13.63) | long_stock_trailing_stop ($0.25928/day, $13.63)",0.0333,499.50,469.00,options,4,469.00,superseded 2026-09-21 — a newer qualifying signal (confidence 75.8) replaced this still-unfilled entry order,False,,,,,,,,superseded,2026-09-21,,,,,,pending,,,,,,
2026-09-18,MU,74.2,bullish,33.5,9.6,13.2,7.1,8.7,42.0,17.5,10.5,trending_up,14.8,58.3,-0.020,0.0416,True,1030.09,1054.71,1042.40,980.83,1227.12,3.00,,274,memory_cycle,complete,long_stock,0.18520,61.57,1,7,,applied,,,,2026-09-25,"long_stock_trailing_stop ($0.18520/day, $61.57)",0.0333,499.50,246.28,shares,4,4169.60,"capital cap ($4999.95, 33% of account) capped this position at 4 shares instead of the 8 the $499.50 risk budget alone would allow | superseded 2026-09-21 — a newer qualifying signal (confidence 71.9) replaced this still-unfilled entry order",False,,,,,,,,superseded,2026-09-21,,,,,,pending,,,,,,
2026-09-18,ADI,75.2,bullish,29.3,11.2,14.6,6.4,6.7,42.0,17.5,10.5,trending_up,14.8,55.1,0.251,-0.0081,False,380.93,386.63,383.78,369.52,426.55,3.00,,51,ai_demand,complete,diagonal_call,0.10501,201.06,2,37,,applied,201.06,,"near_k=383.78, far_k=406.81",2026-10-25,"long_stock ($0.18520/day, $14.26) | long_stock_trailing_stop ($0.18520/day, $14.26)",0.0333,499.50,402.12,options,2,402.12,superseded 2026-09-21 — a newer qualifying signal (confidence 70.2) replaced this still-unfilled entry order,False,,,,,,,,superseded,2026-09-21,,,,,,pending,,,,,,
2026-09-21,NVDA,75.8,bullish,30.2,11.5,12.5,7.2,7.3,42.0,17.5,10.5,trending_up,14.9,54.3,-0.459,0.0182,True,232.90,236.10,234.50,220.86,275.40,3.00,,280,ai_demand,complete,long_strangle,1.73361,118.43,2,7,,not_implemented_no_options_chain_data,118.43,,"call_k=248.57, put_k=220.43",2026-09-28,"long_call ($0.59381/day, $462.27) | bull_call_spread ($0.36088/day, $458.15)",0.0333,499.50,473.72,options,4,473.72,superseded 2026-09-22 — a newer qualifying signal (confidence 70.3) replaced this still-unfilled entry order,False,,,,,,,,superseded,2026-09-22,,,,,,,,,,,,
2026-09-21,TSM,71.3,bullish,34.2,11.0,9.0,6.7,8.3,42.0,17.5,10.5,trending_up,14.9,57.4,0.221,0.0060,True,440.39,445.82,443.10,429.53,483.83,3.00,,161,ai_demand,complete,long_strangle,0.13973,460.66,2,11,,not_implemented_no_options_chain_data,460.66,,"call_k=469.69, put_k=416.52",2026-10-02,"long_stock ($0.11785/day, $13.57) | long_stock_trailing_stop ($0.11785/day, $13.57)",0.0333,499.50,460.66,options,1,460.66,superseded 2026-09-23 — a newer qualifying signal (confidence 72.9) replaced this still-unfilled entry order,True,tariff,,,,,,,superseded,2026-09-23,,,,,,,,,,,,
2026-09-21,MU,71.9,bullish,33.5,11.5,10.4,6.8,7.6,42.0,17.5,10.5,trending_up,14.9,58.3,-0.020,0.0416,True,1030.09,1054.71,1042.40,980.83,1227.12,3.00,,272,memory_cycle,complete,long_stock,0.18520,61.57,1,7,,not_implemented_no_options_chain_data,,,,2026-09-28,"long_strangle ($1.77820/day, $526.45) | diagonal_call ($0.19293/day, $521.20)",0.0333,499.50,246.28,shares,4,4169.60,"capital cap ($4999.95, 33% of account) capped this position at 4 shares instead of the 8 the $499.50 risk budget alone would allow | superseded 2026-09-22 — a newer qualifying signal (confidence 73.0) replaced this still-unfilled entry order",True,tariff,,,,,,,superseded,2026-09-22,,,,,,,,,,,,
2026-09-21,TXN,73.8,bullish,26.7,9.5,17.5,8.5,4.7,42.0,17.5,10.5,trending_up,14.9,51.2,0.071,-0.0077,False,271.10,275.56,273.33,262.20,307.96,3.11,,59,ai_demand,complete,long_strangle,0.27683,284.16,2,11,,not_implemented_no_options_chain_data,284.16,,"call_k=289.73, put_k=256.93",2026-10-02,"long_call ($0.19321/day, $678.64) | bull_call_spread ($0.16993/day, $656.29)",0.0333,499.50,284.16,options,1,284.16,,True,tariff,,,,,,,,,,,,,,,,,,,,
2026-09-21,ADI,70.2,bullish,29.3,11.8,10.5,5.8,5.8,42.0,17.5,10.5,trending_up,14.9,55.1,0.251,-0.0081,False,380.93,386.63,383.78,369.52,426.55,3.00,,51,ai_demand,complete,long_strangle,0.21355,398.99,2,11,,not_implemented_no_options_chain_data,398.99,,"call_k=406.81, put_k=360.75",2026-10-02,"long_stock ($0.11785/day, $14.26) | long_stock_trailing_stop ($0.11785/day, $14.26)",0.0333,499.50,398.99,options,1,398.99,superseded 2026-09-23 — a newer qualifying signal (confidence 74.4) replaced this still-unfilled entry order,True,tariff,,,,,,,superseded,2026-09-23,,,,,,,,,,,,
2026-09-21,QCOM,78.6,bullish,36.8,11.4,13.3,5.7,4.3,42.0,17.5,10.5,trending_up,14.9,63.8,1.506,0.0573,True,189.95,194.29,192.12,181.27,224.66,3.00,,112,competitive_dynamics,complete,long_butterfly_call,0.07999,278.89,3,11,Δ+0.05 Γ-0.008 Θ+0.098 V-0.045,applied,278.89,873.83,"call_long=202.50, call_short=192.50",2026-10-02,"long_call ($0.15261/day, $744.58) | long_stock ($0.11785/day, $10.85)",0.0333,499.50,278.89,options,1,278.89,superseded 2026-09-22 — a newer qualifying signal (confidence 84.0) replaced this still-unfilled entry order,True,tariff,,,,,,,superseded,2026-09-22,,,,,,,,,,,,
2026-09-21,AMD,73.3,bullish,32.2,8.8,14.7,7.5,3.1,42.0,17.5,10.5,trending_up,14.9,73.0,2.780,0.2475,True,608.93,622.11,615.52,556.23,793.39,3.00,,277,ai_demand,complete,long_stock,0.18520,59.29,1,7,,applied,,,,2026-09-28,"long_stock_trailing_stop ($0.18520/day, $59.29)",0.0333,499.50,474.32,shares,8,4924.16,superseded 2026-09-23 — a newer qualifying signal (confidence 70.1) replaced this still-unfilled entry order,True,tariff,,,,,,,superseded,2026-09-23,,,,,,,,,,,,
2026-09-21,PFE,70.9,bullish,31.4,14.4,16.2,7.7,6.1,42.0,17.5,10.5,trending_down,14.9,53.8,0.278,0.0007,True,29.09,29.33,29.21,28.09,32.57,3.00,,81,earnings_expectations,complete,long_call,0.20647,62.10,1,11,Δ+0.59 Γ+0.346 Θ-0.022 V+0.020,applied,62.10,,call_long=29.00,2026-10-02,"bull_call_spread ($0.18674/day, $61.23) | long_stock ($0.11785/day, $1.12)",0.0333,499.50,496.80,options,8,496.80,superseded 2026-09-22 — a newer qualifying signal (confidence 71.6) replaced this still-unfilled entry order,False,,,,,,,,superseded,2026-09-22,,,,,,,,,,,,
2026-09-22,NVDA,70.3,bullish,26.9,10.1,12.9,6.5,7.0,42.0,17.5,10.5,trending_up,14.7,58.4,-0.636,0.0778,True,232.89,236.11,234.50,220.86,275.40,3.00,,280,ai_demand,complete,long_strangle,2.74178,88.95,2,6,,not_implemented_no_options_chain_data,88.95,,"call_k=248.57, put_k=220.43",2026-09-28,"long_call ($0.75987/day, $427.38) | bull_call_spread ($0.46653/day, $425.22)",0.0333,499.50,444.75,options,5,444.75,,False,,,,,,,,,,,,,,,,,,,,,
2026-09-22,QCOM,84.0,bullish,36.3,12.2,16.4,7.9,4.1,42.0,17.5,10.5,trending_up,14.7,65.9,1.620,0.0782,True,192.00,196.46,194.23,183.08,227.69,3.00,,122,competitive_dynamics,complete,long_strangle,0.62669,175.62,2,10,,not_implemented_no_options_chain_data,175.62,,"call_k=205.88, put_k=182.58",2026-10-02,"long_call ($0.32940/day, $459.31) | bull_call_spread ($0.19910/day, $447.38)",0.0333,499.50,351.24,options,2,351.24,superseded 2026-09-23 — a newer qualifying signal (confidence 77.0) replaced this still-unfilled entry order,True,tariff,,,,,,,superseded,2026-09-23,,,,,,,,,,,,
2026-09-22,PFE,71.6,bullish,29.3,13.4,16.5,8.6,5.8,42.0,17.5,10.5,choppy,14.4,54.4,0.203,0.0082,True,29.09,29.33,29.21,28.09,32.57,3.00,,75,earnings_expectations,complete,long_call,0.13960,90.19,1,10,Δ+0.59 Γ+0.337 Θ-0.024 V+0.019,applied,90.19,,call_long=29.00,2026-10-02,"long_stock ($0.12964/day, $1.12) | long_stock_trailing_stop ($0.12964/day, $1.12)",0.0333,499.50,450.95,options,5,450.95,superseded 2026-09-23 — a newer qualifying signal (confidence 75.5) replaced this still-unfilled entry order,False,,,,,,,,superseded,2026-09-23,,,,,,,,,,,,
2026-09-22,MU,73.0,bullish,33.6,8.7,14.0,6.1,8.7,42.0,17.5,10.5,trending_up,14.2,66.1,0.883,0.1817,True,1083.53,1108.79,1096.16,1011.92,1348.87,3.00,,274,memory_cycle,complete,long_stock,0.21607,84.24,1,6,,applied,,,,2026-09-28,"long_stock_trailing_stop ($0.21607/day, $84.24)",0.0333,499.50,336.96,shares,4,4384.64,"capital cap ($4999.95, 33% of account) capped this position at 4 shares instead of the 5 the $499.50 risk budget alone would allow | superseded 2026-09-23 — a newer qualifying signal (confidence 73.4) replaced this still-unfilled entry order",True,tariff,,,,,,,superseded,2026-09-23,,,,,,,,,,,,
2026-09-23,AMD,70.1,bullish,32.2,6.7,13.9,7.0,3.3,42.0,17.5,10.5,trending_up,14.3,73.0,2.780,0.2475,True,608.93,622.11,615.52,556.23,793.40,3.00,,280,ai_demand,complete,long_strangle,9.87234,161.08,2,5,,not_implemented_no_options_chain_data,161.08,,"call_k=652.45, put_k=578.59",2026-09-28,"diagonal_call ($0.32759/day, $327.68) | long_stock ($0.25928/day, $59.29)",0.0333,499.50,483.24,options,3,483.24,,False,,,,,,,,,,,,,,,,,,,,,
2026-09-23,TSM,72.9,bullish,30.6,13.9,11.1,7.7,7.6,42.0,17.5,10.5,trending_up,14.3,61.9,-1.088,0.0678,True,442.42,447.86,445.14,431.55,485.91,3.00,,144,ai_demand,complete,long_strangle,0.24881,342.41,2,9,,not_implemented_no_options_chain_data,342.41,,"call_k=471.85, put_k=418.43",2026-10-02,"long_stock ($0.14404/day, $13.59) | long_stock_trailing_stop ($0.14404/day, $13.59)",0.0333,499.50,342.41,options,1,342.41,,True,tariff,,,,,,,,,,,,,,,,,,,,
2026-09-23,MU,73.4,bullish,32.2,11.2,13.2,6.2,8.7,42.0,17.5,10.5,trending_up,14.3,61.2,-0.088,0.1298,True,1031.66,1056.26,1043.96,982.44,1228.53,3.00,,271,memory_cycle,complete,long_strangle,4.95317,273.20,2,5,,not_implemented_no_options_chain_data,273.20,,"call_k=1106.60, put_k=981.32",2026-09-28,"long_stock ($0.25928/day, $61.52) | long_stock_trailing_stop ($0.25928/day, $61.52)",0.0333,499.50,273.20,options,1,273.20,,True,tariff,,,,,,,,,,,,,,,,,,,,
2026-09-23,ADI,74.4,bullish,25.5,12.2,16.0,7.0,6.7,42.0,17.5,10.5,trending_up,14.3,59.2,-0.522,0.0609,False,380.12,385.88,383.00,368.59,426.24,3.00,,50,ai_demand,complete,long_strangle,0.38549,294.61,2,9,,not_implemented_no_options_chain_data,294.61,,"call_k=405.98, put_k=360.02",2026-10-02,"long_stock ($0.14404/day, $14.41) | long_stock_trailing_stop ($0.14404/day, $14.41)",0.0333,499.50,294.61,options,1,294.61,,True,tariff,,,,,,,,,,,,,,,,,,,,
2026-09-23,QCOM,77.0,bullish,36.3,11.5,9.6,8.0,4.7,42.0,17.5,10.5,trending_up,14.3,65.9,1.620,0.0782,True,192.00,196.46,194.23,183.08,227.69,3.00,,124,competitive_dynamics,complete,long_strangle,0.83490,149.40,2,9,,not_implemented_no_options_chain_data,149.40,,"call_k=205.88, put_k=182.58",2026-10-02,"long_call ($0.39054/day, $435.24) | bull_call_spread ($0.23730/day, $426.73)",0.0333,499.50,448.20,options,3,448.20,,True,tariff,,,,,,,,,,,,,,,,,,,,
2026-09-23,PFE,75.5,bullish,31.5,16.2,17.5,8.6,6.7,42.0,17.5,10.5,trending_down,14.3,53.8,0.234,0.0007,True,29.09,29.33,29.21,28.09,32.57,3.00,,81,earnings_expectations,complete,long_strangle,0.40068,22.47,2,9,,not_implemented_no_options_chain_data,22.47,,"call_k=30.96, put_k=27.46",2026-10-02,"long_call ($0.23717/day, $65.46) | bull_call_spread ($0.22307/day, $64.18)",0.0333,499.50,494.34,options,22,494.34,,False,,,,,,,,,,,,,,,,,,,,,
